chave_ato;cnj;data_ato;classe;url_andamento
0601104-61.2026.6.00.0000|68199;0601104-61.2026.6.00.0000;2026-07-14;PA;https://consultaunificadapje.tse.jus.br/#/public/resultado/0601104-61.2026.6.00.0000
0601040-51.2026.6.00.0000|68295;0601040-51.2026.6.00.0000;2026-08-12;PA;https://consultaunificadapje.tse.jus.br/#/public/resultado/0601040-51.2026.6.00.0000
0601046-58.2026.6.00.0000|67385;0601046-58.2026.6.00.0000;2026-08-22;Rp;https://consultaunificadapje.tse.jus.br/#/public/resultado/0601046-58.2026.6.00.0000
0601089-92.2026.6.00.0000|68236;0601089-92.2026.6.00.0000;2026-08-22;Rp;https://consultaunificadapje.tse.jus.br/#/public/resultado/0601089-92.2026.6.00.0000
0601101-09.2026.6.00.0000|67892;0601101-09.2026.6.00.0000;2026-08-22;Rp;https://consultaunificadapje.tse.jus.br/#/public/resultado/0601101-09.2026.6.00.0000
0601232-81.2026.6.00.0000|67885;0601232-81.2026.6.00.0000;2026-08-22;Rp;https://consultaunificadapje.tse.jus.br/#/public/resultado/0601232-81.2026.6.00.0000
0601325-44.2026.6.00.0000|67790;0601325-44.2026.6.00.0000;2026-09-29;MSCiv;https://consultaunificadapje.tse.jus.br/#/public/resultado/0601325-44.2026.6.00.0000
0600962-62.2026.6.07.0000|68671;0600962-62.2026.6.07.0000;2026-09-30;RO-El;https://consultaunificadapje.tse.jus.br/#/public/resultado/0600962-62.2026.6.07.0000
0601652-32.2026.6.02.0000|67647;0601652-32.2026.6.02.0000;2026-09-30;PA;https://consultaunificadapje.tse.jus.br/#/public/resultado/0601652-32.2026.6.02.0000
0601742-94.2026.6.00.0000|68124;0601742-94.2026.6.00.0000;2026-09-30;Rcl;https://consultaunificadapje.tse.jus.br/#/public/resultado/0601742-94.2026.6.00.0000
0602810-56.2026.6.26.0000|68019;0602810-56.2026.6.26.0000;2026-09-30;REspEl;https://consultaunificadapje.tse.jus.br/#/public/resultado/0602810-56.2026.6.26.0000
